provider_id,doctor_name,doctor_title,doctor_department
f2d0d1a98d6d219b1c781012c8979607,Timothy Orozco,NP,"Engineer, broadcasting (operations)"
f28ecd7174b9dd5176544d4bcc681734,Jennifer Clark,MD,Building services engineer
431f435030ca33fda2cffbb82ed567d2,Jennifer Clark,DO,Company secretary
4b2fe082f88a369aebe90ae7823c7a62,Pamela Clark,PA,Company secretary
55a036323c87d620844fd9d8efdd596c,Sharon Mcdaniel,MD,Company secretary
cfd2546882f3639d8a502aca466aa37e,Jennifer House,MD,Civil Service administrator
5ccf12978ecefbae50e3ce287ba74417,Jennifer Clark,PA,Clinical embryologist
92122cbda6320162570a06e6cf63b979,Jennifer House,DO,"Engineer, broadcasting (operations)"
6d9c632a238e8284495acf2b492834da,Amanda Moran,MD,"Engineer, broadcasting (operations)"
5b5316d81d3fc0a58bccc6a283fe6cc2,Drew Thompson,PA,Tree surgeon
4a20bd54374a0782f201756c543dde52,Pamela Clark,PA,Civil Service administrator
bf8403f05e55ec16f27f78b96b130c7b,Jennifer Clark,PA,Building services engineer
77677df8cedfb7e61696b3a9eaa83f5f,Alexander Perez,DO,Civil Service administrator
b56b03dbbae706d50fa1c5638c34a0e0,Alexander Perez,PA,Building services engineer
641ddbf617f1bff35b98a77dc9b0b7af,Drew Thompson,PA,Civil Service administrator
d852b272bcb09dd8a208cd40e45d00e0,Amanda Moran,PA,Building services engineer
6359eb086feca6cfa768fdcff83f2f6b,Sharon Mcdaniel,MD,Clinical embryologist
a566184876bbe3251aa6c7f0b4a253fb,Amanda Moran,NP,"Engineer, broadcasting (operations)"
9a631426f2ca4c5f580ba27842784e77,Jennifer Clark,NP,"Engineer, broadcasting (operations)"
a8916fe2026db4cc23c80b371ef71b30,Sharon Mcdaniel,DO,Company secretary
c815c41c9ffbdfcbf3e14063ab0e5f1c,Amanda Moran,MD,Tree surgeon
8eff3ba34d44dbe58e43fd2a034cd86b,Jennifer Clark,PA,Company secretary
29b5068783d9d8bd7d26d34a783ec0b9,Alexander Perez,MD,Building services engineer
5048ed6a05e8f8dbf9eed64abd86a8e1,Drew Thompson,MD,"Engineer, broadcasting (operations)"
33dd82229a8caa57f055f1d5810bf329,Drew Thompson,DO,Tree surgeon
f61bc5a20229d5f56f790b4920744468,Sharon Mcdaniel,NP,"Engineer, broadcasting (operations)"
aff1986625c9e88b833dfbaaba1b7143,Timothy Orozco,MD,"Engineer, broadcasting (operations)"
5405e1a8cf248a336c0431b49554e4a8,Pamela Clark,MD,Company secretary
cc749988f5caf260f8dd7f513bba7fd1,Alexander Perez,PA,Tree surgeon
014151cd2860b824743f5089df4af2c7,Jennifer House,DO,Clinical embryologist
77dc822dcc23256233f5575b096cfca1,Amanda Moran,DO,"Engineer, broadcasting (operations)"
20b8506c7de7a2cf03481d0bc3e367bb,Alexander Perez,MD,Civil Service administrator
e95621cbe5efc498f26e767260543508,Timothy Orozco,MD,Building services engineer
fdf229898deb54b088118526616557f1,Jennifer Clark,MD,Tree surgeon
f18ac03ace33648a29537f5cd8acede1,Pamela Clark,MD,Civil Service administrator
7b75a64fe647590bd0eb761ca6334888,Drew Thompson,NP,Civil Service administrator
444b5b624a9d3ca5581e360b6ba59fe6,Drew Thompson,PA,Clinical embryologist
666dee6558495a07024d69dab5ff7e96,Sharon Mcdaniel,DO,Clinical embryologist
c3543e52a3cb8f344de617ae3ec9bb84,Amanda Moran,NP,Civil Service administrator
463d12ab6fa9fb452672df8ac6de0552,Jennifer House,PA,Civil Service administrator
ea965c2a7705ed8cf8b97b4bb306937e,Timothy Orozco,PA,Civil Service administrator
75d7dcac14b1830ae1d65509e926c586,Amanda Moran,PA,Tree surgeon
16c2c2b28f12bf3fb763c9ae8a6db896,Sharon Mcdaniel,PA,Clinical embryologist
a07d5c2184d0d2c2f8360d779b4a7442,Pamela Clark,NP,Tree surgeon
d022dbd4a46b4224042327f838fbaa46,Jennifer House,PA,Clinical embryologist
d042a40393844c162249f2d3102b024b,Amanda Moran,DO,Building services engineer
332a4c092c1094326af465b6ea32c2f2,Amanda Moran,MD,Company secretary
49509f32c608d20dbec0b930382535b0,Pamela Clark,MD,"Engineer, broadcasting (operations)"
1c79c4b28b009f48288f935d00de12ea,Jennifer Clark,PA,Civil Service administrator
0901adb6dca3199884b021ee68493479,Jennifer House,PA,Building services engineer
e6694994786fc5fcd4cc7e54af1e53d9,Drew Thompson,NP,Tree surgeon
a042efaa983189dccb7e93644d292354,Pamela Clark,DO,"Engineer, broadcasting (operations)"
ab09889ed79efe3d2a58368a35fdc8c0,Timothy Orozco,PA,Building services engineer
229b4462af750821bfadef5f28f3d4be,Jennifer House,MD,Clinical embryologist
ce2514627c346be4586174ab252778da,Jennifer Clark,PA,Tree surgeon
5441c1e6d43ec2a5fa982a0d3e453562,Jennifer House,DO,Tree surgeon
366d5eaa458c1bd9c97696af9a822250,Drew Thompson,NP,Company secretary
0b3e17bc01164fb5923d2ac10ed5ed9d,Sharon Mcdaniel,PA,Building services engineer
70b7bc605afd73a02f9f8fc09cad4d07,Jennifer Clark,MD,Clinical embryologist
251dc82fadd33757589b2384ab96ba1c,Drew Thompson,NP,Building services engineer
e2cacf9dee6139bb9a454625f3381eee,Amanda Moran,NP,Tree surgeon
957b49beb4bb053f3a2f34c753a4bbea,Amanda Moran,PA,"Engineer, broadcasting (operations)"
d2ec24dd6b280edfb8c31746a0552620,Jennifer Clark,DO,Building services engineer
5c01944903e6d461e92e604c6ab97e27,Drew Thompson,PA,Company secretary
029fcc95f7bd8a0efabfeef2f086e4d6,Pamela Clark,DO,Civil Service administrator
133cf27494eafaf319f544458cd7fc9c,Jennifer House,NP,Clinical embryologist
1ccf2fe4153f2d87df6ea538c36021b1,Amanda Moran,DO,Tree surgeon
2be05062d94b7c4e3af01699bd51103d,Jennifer House,NP,"Engineer, broadcasting (operations)"
95ddc89b33c618df947f80d3c20cb3e4,Sharon Mcdaniel,NP,Civil Service administrator
4861295e2093a1597565ddd5b18d8767,Pamela Clark,MD,Tree surgeon
e1b7be845c0ab1274252a1397c1df14d,Sharon Mcdaniel,DO,"Engineer, broadcasting (operations)"
4eddb8c1d682e2bef17982a8cf5b3454,Sharon Mcdaniel,MD,"Engineer, broadcasting (operations)"
a8c13cf3dead1e3fc7b7748a5e225126,Jennifer House,NP,Civil Service administrator
ac6dda079ffefe6106f5e0308c2dff9b,Drew Thompson,MD,Company secretary
5017433c4a0244a603b7a5c1212b1921,Timothy Orozco,DO,"Engineer, broadcasting (operations)"
69876012a517b6766f39982df68f9508,Timothy Orozco,MD,Company secretary
f76e384ba25144cc585fce8e830c3a1d,Pamela Clark,MD,Building services engineer
e5759e05b253ee20cb1ddcd8ade3be56,Drew Thompson,DO,"Engineer, broadcasting (operations)"
67b356712c7fb93173347d2235c66999,Amanda Moran,NP,Company secretary
28790c11850d08c3f405bd491e672c5d,Drew Thompson,PA,Building services engineer
a6e922f3b51561fc7120518eb645166e,Timothy Orozco,DO,Company secretary
510c34885f19ba99ff44aea012c3c7f7,Pamela Clark,DO,Tree surgeon
2391fb0874ec4259a7b99b3b71921d8c,Drew Thompson,DO,Building services engineer
bacd22b2f3ad5f24d0b13abaca9bc347,Alexander Perez,DO,Building services engineer
2690975d073e826cb5ab55b21f775b51,Jennifer Clark,DO,"Engineer, broadcasting (operations)"
37ba6798f183f4e3812779dd7f76fa67,Amanda Moran,MD,Civil Service administrator
ecc7ab8082933c18b541f7cc229be27e,Amanda Moran,DO,Company secretary
1285d171967a61ffb447c58941171f6a,Jennifer Clark,NP,Tree surgeon
7756e1079f92767b28ba1a9441ff85a4,Jennifer Clark,NP,Building services engineer
6d45d76c0b3a855f2817bd1122c6b685,Sharon Mcdaniel,NP,Tree surgeon
3d61a3d416cc15b157ab7c180a0dc71f,Amanda Moran,PA,Clinical embryologist
e30e213224661b765405eb2a894726c8,Alexander Perez,NP,"Engineer, broadcasting (operations)"
1450248bc37b5935278422ba8a6b7140,Sharon Mcdaniel,DO,Building services engineer
27416904c219668e2be7e739215db481,Timothy Orozco,PA,Clinical embryologist
3fca7ad5cea34805531a71b48c4e669c,Jennifer House,MD,Company secretary
750f01a68ceeda2b80ca1c574fdb32b7,Sharon Mcdaniel,PA,Civil Service administrator
fff9c90951f7ffb9f7241851c3eee5ca,Pamela Clark,DO,Company secretary
a432e10044f17ee785af81a83a11f2c7,Drew Thompson,DO,Company secretary
f2d257f3981f29c6a26985e6cab8be0d,Alexander Perez,NP,Civil Service administrator
d4b4dc058f9bd9504711072f708c0697,Drew Thompson,MD,Clinical embryologist
d2aacb023adb9421147965cccb77f65e,Alexander Perez,NP,Company secretary
bf5712988de4164ad8862c2245897289,Alexander Perez,DO,Company secretary
c5633a2b557dcbbbb7d76e705dc5b1fd,Jennifer Clark,DO,Tree surgeon
9128f94845de4a1f86299d60dcd5a2f1,Pamela Clark,PA,Building services engineer
25b33f9ee05bf66d854387eaa6e0c52a,Drew Thompson,DO,Clinical embryologist
878d358405a4bac1afa9c2d790374b1e,Sharon Mcdaniel,NP,Clinical embryologist
f5cf814d5580774810542df43e3a6ea9,Alexander Perez,PA,Clinical embryologist
de0ea0f3676a88b39466af4c69254e0f,Jennifer Clark,MD,Company secretary
dcc3b42c83e1af7d18aadbb003714181,Timothy Orozco,DO,Civil Service administrator
bc157b912cf02f44a6d258fce607adbf,Amanda Moran,NP,Building services engineer
32b0a428ac56a6fc74260e56ca8eda83,Amanda Moran,MD,Building services engineer
51fecff0c80385c3aef22793b8e8b0ab,Amanda Moran,MD,Clinical embryologist
cda6f4c3996d20435758d4820ae8ed57,Alexander Perez,NP,Building services engineer
bc7b72213ff7e442ba584b5b73e649a8,Pamela Clark,NP,"Engineer, broadcasting (operations)"
e3eab8b5d675c6f0371c4756ed7623cb,Sharon Mcdaniel,NP,Building services engineer
38a49760ba85d8e54c14c7e50fb42d00,Jennifer House,MD,Tree surgeon
4bed17a5add96f3914197f5bfeb369d5,Jennifer Clark,DO,Clinical embryologist
c9d3a62d16ee6dbdeaf2cd1c0fc623fd,Alexander Perez,DO,Clinical embryologist
f24d0424e2762e65c6cbf810159bf28b,Drew Thompson,NP,Clinical embryologist
db619aa25dbb46de44ad56a7dbeacf93,Drew Thompson,NP,"Engineer, broadcasting (operations)"
9e908dfb9aa597788464869e3b51be78,Sharon Mcdaniel,PA,Company secretary
2ef83b54475ca531c33b0923fbc4d082,Amanda Moran,PA,Civil Service administrator
f3943cd76efb9886589f27486720de2d,Sharon Mcdaniel,PA,Tree surgeon
1e27743f10c8d3dd368ddddf2b4d6847,Drew Thompson,DO,Civil Service administrator
3b1fd87c77dd2529cb3cd5e734cb7f19,Pamela Clark,DO,Building services engineer
6050025e56d84ccea48cd72c5c0f92a4,Timothy Orozco,PA,"Engineer, broadcasting (operations)"
8c2f7ee17f453df2f0aa6284e5f0ed9f,Sharon Mcdaniel,NP,Company secretary
410acbc5147078e62034c8ab086002dc,Alexander Perez,MD,Clinical embryologist
b3f8390da23f3efe225e9314d5b3836c,Amanda Moran,NP,Clinical embryologist
4426b87baae806dda5f90987a5bd1db7,Jennifer House,DO,Building services engineer
c837eda2adde48bd4945a0494ddd1711,Jennifer House,DO,Civil Service administrator
83960747dbf7413bfaf9f8f5bd5c3b13,Alexander Perez,MD,Tree surgeon
728b858cc6be6dda2d28c8db59ab3f30,Pamela Clark,PA,Clinical embryologist
5822b8276446f3f776c86c0301e0aa69,Drew Thompson,MD,Building services engineer
e34d0ad987a4ada5e75c177a20fea64e,Timothy Orozco,MD,Tree surgeon
a75a5dc1768391a8b8d4c6c97304c173,Timothy Orozco,NP,Clinical embryologist
22376c66bfe9f015be1c21f18d832182,Jennifer House,PA,Tree surgeon
b9a41a1e5e9555d134bacb7c3d3443a5,Drew Thompson,PA,"Engineer, broadcasting (operations)"
c3c9f1b21a8093c43e55ab8a424edb48,Jennifer Clark,PA,"Engineer, broadcasting (operations)"
ba530ed3aed5a407cbc5783c164ac791,Timothy Orozco,NP,Tree surgeon
f8fbac363a5344c9c75cd35bb8193364,Jennifer House,NP,Tree surgeon
1c053d6e6a48e5e3d1fa85d0eb95e58c,Timothy Orozco,NP,Building services engineer
9273d26fef9edf93edd2f4142d5c6c8d,Jennifer House,PA,Company secretary
4a55f687e224d0b0073fbc5db939a68f,Jennifer House,NP,Building services engineer
5d76e7c225de381739ae05eed5d711c0,Alexander Perez,MD,Company secretary
703fbf872004757b02101f52a4519fe1,Timothy Orozco,NP,Civil Service administrator
15900ef66116d5d7db83196c8122b85a,Jennifer Clark,NP,Clinical embryologist
86baec88d6524ea95ab0865d5d32df7a,Alexander Perez,PA,Company secretary
0b47a5b65b74f4af783adf7af88a2088,Timothy Orozco,DO,Building services engineer
55582fd61bc75059ee4267c8f82c41d8,Alexander Perez,DO,Tree surgeon
18e3b9c8817ddac0a8a8ab7cfe678f26,Pamela Clark,NP,Company secretary
3b08d27d47b6ce5b115594d1147ee4d5,Sharon Mcdaniel,MD,Tree surgeon
90966243c73a4af381aba9695eddb5fb,Pamela Clark,NP,Building services engineer
6f0cd9ac5657a425f2d577b947d75115,Jennifer House,NP,Company secretary
058ae9a30ce8737297d2597f17928d3b,Sharon Mcdaniel,MD,Building services engineer
2925d2ef1725660382442da5ab902abb,Amanda Moran,DO,Civil Service administrator
564ffa1ba7d159e165976b8f24e1fcb7,Pamela Clark,PA,Tree surgeon
b4613c4a2916aa302b56d2621cde8512,Jennifer Clark,MD,Civil Service administrator
5e0da69c1e8d71827d12855fd749fb2d,Drew Thompson,MD,Tree surgeon
22151e27dc73a193e4d00fc6641d086e,Jennifer House,PA,"Engineer, broadcasting (operations)"
57073e0075108ce4803a90b606bb95af,Timothy Orozco,PA,Tree surgeon
fb52014cae553a236a88d5c56ee170fd,Jennifer Clark,NP,Civil Service administrator
a12810b1d18926986d421537d5bb1352,Sharon Mcdaniel,MD,Civil Service administrator
d7faa13af639dc012fe8c1b9833b30a9,Alexander Perez,DO,"Engineer, broadcasting (operations)"
5b1d1e8be6ab7e69c827c3325240dd9f,Timothy Orozco,MD,Clinical embryologist
faab820e792277b770b40bc62561daf7,Alexander Perez,PA,"Engineer, broadcasting (operations)"
9f832d0bb3f775f6990759d7853034e9,Pamela Clark,MD,Clinical embryologist
e3b6e7cbf9699a09e923ef5080b70886,Alexander Perez,NP,Tree surgeon
95b9e627dc4994f8dcfde45009ebf6fd,Timothy Orozco,DO,Tree surgeon
dfe7252681377dc585b5eb39e9286e57,Jennifer Clark,NP,Company secretary
c4af790e92dacb21b6238ad6effb0227,Jennifer Clark,DO,Civil Service administrator
adcc73543f1794e88e085db5f3256b33,Sharon Mcdaniel,DO,Tree surgeon
c3460b294587de41ff33cff456ea3dad,Jennifer House,DO,Company secretary
d762f7cd9e0cd5549d5d731562da1b9b,Timothy Orozco,MD,Civil Service administrator
6fea2bb3f047c16cf1481e282d829745,Jennifer Clark,MD,"Engineer, broadcasting (operations)"
2327bab43cc0a5dfa77b23bc2d03a727,Amanda Moran,DO,Clinical embryologist
aa6e85d638397e6b98631062bc5dc068,Amanda Moran,PA,Company secretary
2bb85177212b5e1ee16bfdda49432dbf,Timothy Orozco,DO,Clinical embryologist
790abf963b1cb8fabeeb1b8b0e3c5aed,Sharon Mcdaniel,DO,Civil Service administrator
139141f57c971b669daf6d7101255642,Alexander Perez,MD,"Engineer, broadcasting (operations)"
